ref_value,author_type
http://americanart.si.edu/collections/search/artwork/?id=11098,organisation
http://americanart.si.edu/collections/search/artwork/?id=11416,organisation
http://americanart.si.edu/collections/search/artwork/?id=11819,organisation
http://americanart.si.edu/collections/search/artwork/?id=14493,organisation
http://americanart.si.edu/collections/search/artwork/?id=20476,organisation
http://americanart.si.edu/collections/search/artwork/?id=21513,organisation
http://americanart.si.edu/collections/search/artwork/?id=22834,organisation
http://americanart.si.edu/collections/search/artwork/?id=25639,organisation
http://americanart.si.edu/collections/search/artwork/?id=25825,organisation
http://americanart.si.edu/collections/search/artwork/?id=25858,organisation
http://americanart.si.edu/collections/search/artwork/?id=26050,organisation
http://americanart.si.edu/collections/search/artwork/?id=26233,organisation
http://americanart.si.edu/collections/search/artwork/?id=26314,organisation
http://americanart.si.edu/collections/search/artwork/?id=26486,organisation
http://americanart.si.edu/collections/search/artwork/?id=26587,organisation
http://americanart.si.edu/collections/search/artwork/?id=27878,organisation
http://americanart.si.edu/collections/search/artwork/?id=28340,organisation
http://americanart.si.edu/collections/search/artwork/?id=31889,organisation
http://americanart.si.edu/collections/search/artwork/?id=33467,organisation
http://amturing.acm.org/award_winners/mccarthy_0239596.cfm,individual
http://bbti.bodleian.ox.ac.uk/details/?traderid=46872,ne
http://bse.sci-lib.com/article001911.html,individual
http://collections.britishart.yale.edu/vufind/Record/1665327,ne
http://collections.britishart.yale.edu/vufind/Record/1668391,ne
http://collections.britishart.yale.edu/vufind/Record/3866211,ne
http://collections.lacma.org/node/172826,individual
http://collections.lacma.org/node/173830,nw
http://collections.lacma.org/node/188668,organisation
http://collections.lacma.org/node/193799,individual
http://collections.lacma.org/node/201897,individual
http://collections.lacma.org/node/206814,individual
http://collections.lacma.org/node/2092281,individual
http://collections.lacma.org/node/2114212,individual
http://collections.lacma.org/node/212182,individual
http://collections.lacma.org/node/219645,individual
http://collections.lacma.org/node/243436,individual
http://daccess-ods.un.org/access.nsf/Get?Open&DS=A/RES/34/37&Lang=E,ne
http://daccess-ods.un.org/access.nsf/Get?Open&DS=A/RES/54(I)&Lang=E,dn
http://daccess-ods.un.org/access.nsf/Get?Open&DS=A/RES/54/4&Lang=E,dn
http://data.ordnancesurvey.co.uk/doc/7000000000025498,organisation
http://dirigeant.societe.com/dirigeant/Olivier.RADOT.64009682.html,individual
http://download.oldium.net/karel/karel-2.0.5.tar.gz,dn
http://ekladata.com/rl2BN3HcBBXXT7U3ZV_W6foev0Y/BIOGRAPHIE.pdf,ne
http://electronicintifada.net/v2/article10485.shtml,individual
http://eprints.lancs.ac.uk/80161/1/MBMJ_Author_Copy.pdf,individual
http://feed.snapdo.com/?publisher=Minutes&dpid=network2&q=Brenninkmeijer_family,organisation
http://ffilms.org/atm-2012/,ne
http://fie.org/fencers/Mona-SHAITO-22165/biography,organisation
http://firstcycling.com/rider.php?r=1642,individual
http://firstcycling.com/rider.php?r=21250,individual
http://firstcycling.com/rider.php?r=24650,individual
http://firstcycling.com/rider.php?r=26948.,individual
http://firstcycling.com/team.php?l=2890,organisation
http://firstcycling.com/team.php?l=3361,organisation
http://flickfacts.com/actor/xavier-samuel,individual
http://flymotorsich.com/en/pages/fleet,organisation
http://fmg.ac/Projects/MedLands/AQUITAINE.htm#AdelindaMAcfredoICarcassonne,ne
http://fmg.ac/Projects/MedLands/BURGUNDY%20Kingdom.htm,ne
http://fmg.ac/Projects/MedLands/FRANKSMaiordomi.htm,dn
http://fmg.ac/Projects/MedLands/GASCONY.htm,ne
http://fossilworks.org/bridge.pl?a=taxonInfo&taxon_no=214077,ne
http://freemind.sourceforge.net/wiki/index.php/Licensing,organisation
http://iba-world.com/cocktails/pina-colada/,ne
http://iba-world.com/iba-official-cocktails/alexander/,dn
http://iba-world.com/new-era-drinks/lemon-drop-martini/,dn
http://id.loc.gov/authorities/names/no2015096737.html,individual
http://iditarod.com/race/2016/mushers/1027-Miriam-Osredkar/,individual
http://lawandorder.wikia.com/wiki/Censure,organisation
http://library.la84.org/6oic/OfficialReports/2006/Results/AlpineSkiing.pdf#page=3,ne
http://lists.claws-mail.org/pipermail/users/2016-August/017029.html,ne
http://m.timesofindia.com/india/Congress-releases-first-list-of-candidates-for-Lok-Sabha-polls/articleshow/31682561.cms,organisation
http://man.9front.org/4/tapefs,dn
http://phoronix.com/scan.php?page=news_item&px=GNU-Binutils-2.27,individual
http://planetarynames.wr.usgs.gov/Feature/2513,organisation
http://planetarynames.wr.usgs.gov/Feature/4662,organisation
http://runeberg.org/svriks24/0048.html,individual
http://runeberg.org/vemarhon/0392.html,individual
http://s002.iannounce-cdn.co.uk/static/1454678984/images/72/65/44906572.pdf,ne
http://specialcollections.le.ac.uk/cdm/compoundobject/collection/p16445coll4/id/218287/rec/5,ne
http://speedskatingstats.com/index.php?file=skater&code=1906082802,individual
http://sports.yahoo.com/tennis/players/5099,organisation
http://uk.soccerway.com/players/panagiotis-glykos/18871/,individual
"http://viaf.org/viaf/222435122/#Barnard,_George,_1807-1890",individual
http://wbo.llgc.org.uk/en/s1-THOM-JOH-1838.html,individual
http://web.archive.org/web/20070928144606/http://www.grandcasinohelsinki.fi/grandcasinohelsinki/historia.php,organisation
http://web.archive.org/web/20120304025959/http://tele13.13.cl/noticias/nacional/23155.htm,ne
http://web.archive.org/web/20141015125316/http://www.kartverket.no/Kunnskap/Fakta-om-Norge/Hoyeste-fjelltopp-i-kommunen/Tabell/,organisation
http://web.archive.org/web/20160303181909/https://www.riigiteataja.ee/akt/12914350,ne
http://welt-der-form.net/Max_Bill/bill-1953-unendliche_schleife-1.html,individual
http://whc.unesco.org/en/list/1025,organisation
http://whc.unesco.org/en/list/1215,organisation
http://whc.unesco.org/en/list/1229,organisation
http://whc.unesco.org/en/list/124,organisation
http://whc.unesco.org/en/list/232,organisation
http://whc.unesco.org/en/list/260,organisation
http://whc.unesco.org/en/list/274,organisation
http://whc.unesco.org/en/list/403,organisation
http://whc.unesco.org/en/list/984,organisation
http://www.allmusic.com/album/biorytmy-mw0001685300,organisation
http://www.allmusic.com/artist/shadowfax-mn0000155608,organisation
http://www.archive.org/stream/prosopographiaa00kircgoog#page/n19/mode/2up,individual
http://www.archive.org/stream/prosopographiaa00kircgoog#page/n267/mode/2up,individual
http://www.archive.org/stream/prosopographiaa00kircgoog#page/n291/mode/2up,individual
http://www.archive.org/stream/prosopographiaa00kircgoog#page/n315/mode/2up,individual
http://www.archive.org/stream/prosopographiaa00kircgoog#page/n49/mode/2up,individual
http://www.bbc.co.uk/news/36951328,organisation
http://www.bbc.co.uk/news/world-europe-34684973,organisation
http://www.billgladstone.ca/?p=3730/,individual
http://www.bizjournals.com/memphis/stories/2005/09/05/daily7.html,ne
http://www.blackfilm.com/20081218/features/aafcanews.shtml,organisation
http://www.boxofficemojo.com/movies/?id=2012.htm,organisation
http://www.boxofficemojo.com/movies/?id=daytheearthstoodstill08.htm,organisation
http://www.boxofficemojo.com/movies/?id=jaws3d.htm,organisation
http://www.boxofficemojo.com/movies/?id=junglebook2015.htm,organisation
http://www.boxofficemojo.com/movies/?id=planetoftheapes.htm,organisation
http://www.boxofficemojo.com/movies/?page=intl&id=marvel14b.htm,organisation
http://www.bristol.ac.uk/efm/people/kenneth-g-binmore/,organisation
http://www.britannica.com/biography/Giulio-Aleni,individual
http://www.britannica.com/EBchecked/topic/178340/Organisation-for-Economic-Co-operation-and-Development-OECD,organisation
http://www.britannica.com/EBchecked/topic/502814/Charles-Lennox-3rd-duke-of-Richmond,individual
http://www.brooklynmuseum.org/opencollection/objects/4512/Jesus_Goes_Up_Alone_onto_a_Mountain_to_Pray_J%C3%A9sus_monte_seul_sur_une_montagne_pour_prier,organisation
http://www.brooklynmuseum.org/opencollection/objects/678/St._John_of_God,organisation
http://www.businessinsider.com/theranos-ceo-elizabeth-holmes-net-worth-now-0-according-to-forbes-2016-6,organisation
http://www.bvbinfo.com/player.asp?ID=15097,dn
http://www.catholic-hierarchy.org/bishop/bburkee.html,individual
http://www.catholic-hierarchy.org/diocese/dgati.html,individual
http://www.catholic-hierarchy.org/diocese/dhali.html,individual
http://www.cdc.gov/niosh-rtecs/AB1D5F88.html,organisation
http://www.cdc.gov/niosh-rtecs/AF12B128.html#modalIdString_CDCTable_4,organisation
http://www.cdc.gov/niosh-rtecs/AL757E20.html,organisation
http://www.cdc.gov/niosh-rtecs/AS100590.html,organisation
http://www.cdc.gov/niosh-rtecs/BA4D7038.html#modalIdString_CDCTable_6,organisation
http://www.cdc.gov/niosh-rtecs/BD124F80.html,organisation
http://www.cdc.gov/niosh-rtecs/BP456D70.html,organisation
http://www.cdc.gov/niosh-rtecs/CC3D6AA8.html#modalIdString_CDCTable_1,organisation
http://www.cdc.gov/niosh-rtecs/CC3D6AA8.html#modalIdString_CDCTable_3,organisation
http://www.cdc.gov/niosh-rtecs/CG62CCF8.html#modalIdString_CDCTable_0,organisation
http://www.cdc.gov/niosh-rtecs/CG802C8.html#modalIdString_CDCTable_3,organisation
http://www.cdc.gov/niosh-rtecs/CQ8583B0.html#modalIdString_CDCTable_2,organisation
http://www.cdc.gov/niosh-rtecs/CQ92DDA8.html#modalIdString_CDCTable_1,organisation
http://www.cdc.gov/niosh-rtecs/CY155CC0.html#modalIdString_CDCTable_4,organisation
http://www.cdc.gov/niosh-rtecs/DC802C8.html#modalIdString_CDCTable_2,organisation
http://www.cdc.gov/niosh-rtecs/DC802C8.html#modalIdString_CDCTable_5,organisation
http://www.cdc.gov/niosh-rtecs/DC92DDA8.html#modalIdString_CDCTable_4,organisation
http://www.cdc.gov/niosh-rtecs/DD62CCF8.html#modalIdString_CDCTable_3,organisation
http://www.cdc.gov/niosh-rtecs/IO200B20.html#modalIdString_CDCTable_6,organisation
http://www.cdc.gov/niosh-rtecs/OD8D8678.html,organisation
http://www.cdc.gov/niosh/ershdb/emergencyresponsecard_29750002.html,organisation
http://www.cdc.gov/niosh/ershdb/emergencyresponsecard_29750006.html,organisation
http://www.cdc.gov/niosh/ershdb/emergencyresponsecard_29750007.html,organisation
http://www.cdc.gov/niosh/ershdb/emergencyresponsecard_29750009.html,organisation
http://www.cdc.gov/niosh/ershdb/emergencyresponsecard_29750010.html,organisation
http://www.cdc.gov/niosh/ershdb/emergencyresponsecard_29750011.html,organisation
http://www.cdc.gov/niosh/ershdb/emergencyresponsecard_29750012.html,organisation
http://www.cdc.gov/niosh/ershdb/emergencyresponsecard_29750013.html,organisation
http://www.cdc.gov/niosh/ershdb/emergencyresponsecard_29750014.html,organisation
http://www.cdc.gov/niosh/ershdb/emergencyresponsecard_29750015.html,organisation
http://www.cdc.gov/niosh/ershdb/emergencyresponsecard_29750017.html,organisation
http://www.cdc.gov/niosh/ershdb/emergencyresponsecard_29750018.html,organisation
http://www.cdc.gov/niosh/ershdb/emergencyresponsecard_29750020.html,organisation
http://www.cdc.gov/niosh/ershdb/emergencyresponsecard_29750021.html,organisation
http://www.cdc.gov/niosh/ershdb/emergencyresponsecard_29750023.html,organisation
http://www.cdc.gov/niosh/ershdb/emergencyresponsecard_29750024.html,organisation
http://www.cdc.gov/niosh/ershdb/emergencyresponsecard_29750025.html,organisation
http://www.cdc.gov/niosh/ershdb/emergencyresponsecard_29750026.html,organisation
http://www.cdc.gov/niosh/ershdb/emergencyresponsecard_29750027.html,organisation
http://www.cdc.gov/niosh/ershdb/emergencyresponsecard_29750028.html,organisation
http://www.cdc.gov/niosh/ershdb/emergencyresponsecard_29750031.html,organisation
http://www.cdc.gov/niosh/ershdb/emergencyresponsecard_29750032.html,organisation
http://www.cdc.gov/niosh/ershdb/emergencyresponsecard_29750035.html,organisation
http://www.cdc.gov/niosh/ershdb/emergencyresponsecard_29750036.html,organisation
http://www.cdc.gov/niosh/ershdb/emergencyresponsecard_29750038.html,organisation
http://www.cdc.gov/niosh/ershdb/emergencyresponsecard_29750039.html,organisation
http://www.cdc.gov/niosh/idlh/62533.html,organisation
http://www.cdc.gov/niosh/npg/npgd0008.html,organisation
http://www.cdc.gov/niosh/npg/npgd0019.html,organisation
http://www.cdc.gov/niosh/npg/npgd0025.html,organisation
http://www.cdc.gov/niosh/npg/npgd0034.html,organisation
http://www.cdc.gov/niosh/npg/npgd0035.html,organisation
http://www.cdc.gov/niosh/npg/npgd0055.html,organisation
http://www.cdc.gov/niosh/npg/npgd0066.html,organisation
http://www.cdc.gov/niosh/npg/npgd0071.html,organisation
http://www.cdc.gov/niosh/npg/npgd0072.html,organisation
http://www.cdc.gov/niosh/npg/npgd0102.html,organisation
http://www.cdc.gov/niosh/npg/npgd0107.html,organisation
http://www.cdc.gov/niosh/npg/npgd0117.html,organisation
http://www.cdc.gov/niosh/npg/npgd0118.html,organisation
http://www.cdc.gov/niosh/npg/npgd0125.html,organisation
http://www.cdc.gov/niosh/npg/npgd0126.html,organisation
http://www.cdc.gov/niosh/npg/npgd0131.html,organisation
http://www.cdc.gov/niosh/npg/npgd0137.html,organisation
http://www.cdc.gov/niosh/npg/npgd0139.html,organisation
http://www.cdc.gov/niosh/npg/npgd0141.html,organisation
http://www.cdc.gov/niosh/npg/npgd0142.html,organisation
http://www.cdc.gov/niosh/npg/npgd0148.html,organisation
http://www.cdc.gov/niosh/npg/npgd0149.html,organisation
http://www.cdc.gov/niosh/npg/npgd0154.html,organisation
http://www.cdc.gov/niosh/npg/npgd0162.html,organisation
http://www.cdc.gov/niosh/npg/npgd0166.html,organisation
http://www.cdc.gov/niosh/npg/npgd0176.html,organisation
http://www.cdc.gov/niosh/npg/npgd0177.html,organisation
http://www.cdc.gov/niosh/npg/npgd0178.html,organisation
http://www.cdc.gov/niosh/npg/npgd0180.html,organisation
http://www.cdc.gov/niosh/npg/npgd0181.html,organisation
http://www.cdc.gov/niosh/npg/npgd0184.html,organisation
http://www.cdc.gov/niosh/npg/npgd0192.html,organisation
http://www.cdc.gov/niosh/npg/npgd0196.html,organisation
http://www.cdc.gov/niosh/npg/npgd0199.html,organisation
http://www.cdc.gov/niosh/npg/npgd0208.html,organisation
http://www.cdc.gov/niosh/npg/npgd0211.html,organisation
http://www.cdc.gov/niosh/npg/npgd0212.html,organisation
http://www.cdc.gov/niosh/npg/npgd0220.html,organisation
http://www.cdc.gov/niosh/npg/npgd0229.html,organisation
http://www.cdc.gov/niosh/npg/npgd0231.html,organisation
http://www.cdc.gov/niosh/npg/npgd0240.html,organisation
http://www.cdc.gov/niosh/npg/npgd0264.html,organisation
http://www.cdc.gov/niosh/npg/npgd0268.html,organisation
http://www.cdc.gov/niosh/npg/npgd0269.html,organisation
http://www.cdc.gov/niosh/npg/npgd0275.html,organisation
http://www.cdc.gov/niosh/npg/npgd0290.html,organisation
http://www.cdc.gov/niosh/npg/npgd0293.html,organisation
http://www.cdc.gov/niosh/npg/npgd0297.html,organisation
http://www.cdc.gov/niosh/npg/npgd0320.html,organisation
http://www.cdc.gov/niosh/npg/npgd0325.html,organisation
http://www.cdc.gov/niosh/npg/npgd0333.html,organisation
http://www.cdc.gov/niosh/npg/npgd0347.html,organisation
http://www.cdc.gov/niosh/npg/npgd0352.html,organisation
http://www.cdc.gov/niosh/npg/npgd0353.html,organisation
http://www.cdc.gov/niosh/npg/npgd0363.html,organisation
http://www.cdc.gov/niosh/npg/npgd0369.html,organisation
http://www.cdc.gov/niosh/npg/npgd0371.html,organisation
http://www.cdc.gov/niosh/npg/npgd0386.html,organisation
http://www.cdc.gov/niosh/npg/npgd0388.html,organisation
http://www.cdc.gov/niosh/npg/npgd0390.html,organisation
http://www.cdc.gov/niosh/npg/npgd0394.html,organisation
http://www.cdc.gov/niosh/npg/npgd0413.html,organisation
http://www.cdc.gov/niosh/npg/npgd0416.html,organisation
http://www.cdc.gov/niosh/npg/npgd0417.html,organisation
http://www.cdc.gov/niosh/npg/npgd0426.html,organisation
http://www.cdc.gov/niosh/npg/npgd0435.html,organisation
http://www.cdc.gov/niosh/npg/npgd0441.html,organisation
http://www.cdc.gov/niosh/npg/npgd0449.html,organisation
http://www.cdc.gov/niosh/npg/npgd0451.html,organisation
http://www.cdc.gov/niosh/npg/npgd0459.html,organisation
http://www.cdc.gov/niosh/npg/npgd0461.html,organisation
http://www.cdc.gov/niosh/npg/npgd0462.html,organisation
http://www.cdc.gov/niosh/npg/npgd0463.html,organisation
http://www.cdc.gov/niosh/npg/npgd0466.html,organisation
http://www.cdc.gov/niosh/npg/npgd0479.html,organisation
http://www.cdc.gov/niosh/npg/npgd0482.html,organisation
http://www.cdc.gov/niosh/npg/npgd0491.html,organisation
http://www.cdc.gov/niosh/npg/npgd0492.html,organisation
http://www.cdc.gov/niosh/npg/npgd0515.html,organisation
http://www.cdc.gov/niosh/npg/npgd0536.html,organisation
http://www.cdc.gov/niosh/npg/npgd0543.html,organisation
http://www.cdc.gov/niosh/npg/npgd0554.html,organisation
http://www.cdc.gov/niosh/npg/npgd0556.html,organisation
http://www.cdc.gov/niosh/npg/npgd0558.html,organisation
http://www.cdc.gov/niosh/npg/npgd0559.html,organisation
http://www.cdc.gov/niosh/npg/npgd0560.html,organisation
http://www.cdc.gov/niosh/npg/npgd0565.html,organisation
http://www.cdc.gov/niosh/npg/npgd0572.html,organisation
http://www.cdc.gov/niosh/npg/npgd0575.html,organisation
http://www.cdc.gov/niosh/npg/npgd0577.html,organisation
http://www.cdc.gov/niosh/npg/npgd0580.html,organisation
http://www.cdc.gov/niosh/npg/npgd0581.html,organisation
http://www.cdc.gov/niosh/npg/npgd0590.html,organisation
http://www.cdc.gov/niosh/npg/npgd0596.html,organisation
http://www.cdc.gov/niosh/npg/npgd0607.html,organisation
http://www.cdc.gov/niosh/npg/npgd0608.html,organisation
http://www.cdc.gov/niosh/npg/npgd0614.html,organisation
http://www.cdc.gov/niosh/npg/npgd0615.html,organisation
http://www.cdc.gov/niosh/npg/npgd0619.html,organisation
http://www.cdc.gov/niosh/npg/npgd0622.html,organisation
http://www.cdc.gov/niosh/npg/npgd0639.html,organisation
http://www.cdc.gov/niosh/npg/npgd0646.html,organisation
http://www.cdc.gov/niosh/npg/npgd0647.html,organisation
http://www.cdc.gov/niosh/npg/npgd0648.html,organisation
http://www.cdc.gov/niosh/npg/npgd0650.html,organisation
http://www.cdc.gov/niosh/npg/npgd0651.html,organisation
http://www.cdc.gov/niosh/npg/npgd0652.html,organisation
http://www.cdc.gov/niosh/npg/npgd0670.html,organisation
http://www.cdc.gov/niosh/npg/npgd0675.html,organisation
http://www.cdc.gov/niosh/npg/npgd0679.html,organisation
http://www.cdc.gov/niosh/npg/npgd0682.html,organisation
http://www.cdc.gov/niosh/npg/npgd0684.html,organisation
http://www.cdc.gov/niosh/npg/npgd0685.html,organisation
http://www.chem-station.com/en/?cat=33,individual
http://www.ciaaw.org/commission.htm,organisation
http://www.clsp.jhu.edu/events/semantics-of-language-grounding-regina-barzilay-mit-computer-science-artificial-intelligence-lab/,individual
http://www.coolantarctica.com/Antarctica%20fact%20file/History/biography/mcleod_thomas.php,individual
http://www.crawltrack.net/changelog.php,individual
http://www.cyclingnews.com/news/tirreno-adriatico-stage-5-cancelled-due-to-snow/,organisation
http://www.dbnl.org/tekst/aa__001biog14_01/aa__001biog14_01_0936.php,individual
http://www.dubaicityguide.com/site/features/index.asp?id=3149,organisation
http://www.dulwichpicturegallery.org.uk/explore-the-collection/101-150/landscape/,organisation
http://www.dulwichpicturegallery.org.uk/explore-the-collection/401-450/george-bartley/,organisation
http://www.e-yearbook.com/yearbooks/University_Maryland_Terrapin_Yearbook/1958/Page_362.html,organisation
http://www.edanhughes.com/biography.cfm?ArtistID=196,individual
http://www.entente-ee.com/wp-content/uploads/Standards-Tauben.pdf,organisation
http://www.esrb.org/ratings/Synopsis.aspx?Certificate=2290&Title=Discworld+II+Missing+Presumed...!%3f,organisation
http://www.europarl.europa.eu/meps/en/96829/ADAM_KOSA_home.html,organisation
http://www.filmovizija.com/movie/american-pie-the-reunion-2012-video_071d6b662.html,dn
http://www.filmreference.com/film/85/Armin-Shimerman.html,individual
http://www.findagrave.com/cgi-bin/fg.cgi?page=gr&GRid=82609134,individual
http://www.fundacionbancosantander.com/coleccion/#/obra/88,organisation
http://www.futhead.com/14/players/8278/youness-mokhtar/,organisation
http://www.geonames.org/347303,organisation
http://www.geonames.org/349076,organisation
http://www.geonames.org/352089,organisation
http://www.geonames.org/358293,organisation
http://www.geonames.org/358454,organisation
http://www.geonames.org/361055,organisation
http://www.geonames.org/8224894,organisation
http://www.geopostcodes.com/Same_Same,organisation
http://www.getty.edu/art/collection/objects/268843/edouard-manet-le-printemps-jeanne-demarsy-french-1881/,organisation
http://www.getty.edu/art/collection/objects/548/william-adolphe-bouguereau-a-young-girl-defending-herself-against-eros-french-about-1880/,organisation
http://www.getty.edu/art/collection/objects/617/lodovico-carracci-st-sebastian-thrown-into-the-cloaca-maxima-italian-1612/,organisation
http://www.getty.edu/vow/ULANFullDisplay?find=&role=&nation=&subjectid=500014330,ne
http://www.getty.edu/vow/ULANFullDisplay?find=&role=&nation=&subjectid=500060662,dn
http://www.gracesguide.co.uk/William_Alexander_Brooks,individual
http://www.guggenheim.org/new-york/collections/collection-online/artwork/144,organisation
http://www.guggenheim.org/new-york/collections/collection-online/artwork/3001,organisation
http://www.guggenheim.org/new-york/collections/collection-online/artwork/3237,organisation
http://www.hockeydb.com/ihdb/stats/display_players.php?tmi=7440,organisation
http://www.huffingtonpost.com/david-hinckley/rip-vaughn-harper-the-qui_b_10910504.html,individual
http://www.independent.co.uk/news/people/obituary-jimmy-allen-1571883.html,ne
http://www.issf-sports.org/athletes/athlete.ashx?personissfid=SHDENM1911198001,organisation
http://www.issf-sports.org/athletes/athlete.ashx?personissfid=SHIRQW1201199401,organisation
http://www.itu.int/net/itu-t/inrdb/e129_important_numbers.aspx,organisation
http://www.johnkcastle.com/,individual
http://www.jrrio.com/en-hist.html#AutoCad,individual
http://www.judoinside.com/judoka/42412,individual
http://www.laquadrature.net/le-debat-est-ouvert,organisation
http://www.leparcorama.com/2014/04/15/ratatouille-the-adventure-to-open-on-july-10th/,organisation
http://www.leshommessansepaules.com/auteur-Gis%C3%A8le_PRASSINOS-555-1-1-0-1.html,individual
http://www.liveleak.com/view?i=b64_1360346758,organisation
http://www.metacritic.com/game/playstation-3/fallout-new-vegas,organisation
http://www.metmuseum.org/art/collection/search/492377,organisation
http://www.metmuseum.org/collection/the-collection-online/search/10214,organisation
http://www.metmuseum.org/collection/the-collection-online/search/10241,organisation
http://www.metmuseum.org/collection/the-collection-online/search/10788,organisation
http://www.metmuseum.org/collection/the-collection-online/search/10799,organisation
http://www.metmuseum.org/collection/the-collection-online/search/11063,organisation
http://www.metmuseum.org/collection/the-collection-online/search/11081,organisation
http://www.metmuseum.org/collection/the-collection-online/search/11140,organisation
http://www.metmuseum.org/collection/the-collection-online/search/11683,organisation
http://www.metmuseum.org/collection/the-collection-online/search/11834,organisation
http://www.metmuseum.org/collection/the-collection-online/search/11979,organisation
http://www.metmuseum.org/collection/the-collection-online/search/12939,organisation
http://www.metmuseum.org/collection/the-collection-online/search/17465,organisation
http://www.metmuseum.org/collection/the-collection-online/search/19014,organisation
http://www.metmuseum.org/collection/the-collection-online/search/21473,organisation
http://www.metmuseum.org/collection/the-collection-online/search/435619,organisation
http://www.metmuseum.org/collection/the-collection-online/search/435833,organisation
http://www.metmuseum.org/collection/the-collection-online/search/436406,organisation
http://www.metmuseum.org/collection/the-collection-online/search/436522,organisation
http://www.metmuseum.org/collection/the-collection-online/search/437041,organisation
http://www.metmuseum.org/collection/the-collection-online/search/437056,individual
http://www.metmuseum.org/collection/the-collection-online/search/437234,organisation
http://www.metmuseum.org/collection/the-collection-online/search/437922,organisation
http://www.metmuseum.org/collection/the-collection-online/search/438158,organisation
http://www.metmuseum.org/collection/the-collection-online/search/438434,organisation
http://www.metmuseum.org/collection/the-collection-online/search/438623,organisation
http://www.metmuseum.org/collection/the-collection-online/search/439385,organisation
http://www.metmuseum.org/collection/the-collection-online/search/440331,organisation
http://www.metmuseum.org/collection/the-collection-online/search/481860,organisation
http://www.metmuseum.org/collection/the-collection-online/search/482238,organisation
http://www.metmuseum.org/collection/the-collection-online/search/483907,individual
http://www.metmuseum.org/collection/the-collection-online/search/487837,organisation
http://www.metmuseum.org/collection/the-collection-online/search/488401,organisation
http://www.metmuseum.org/collection/the-collection-online/search/488532,organisation
http://www.metmuseum.org/collection/the-collection-online/search/489421,organisation
http://www.metmuseum.org/collection/the-collection-online/search/489995,organisation
http://www.metmuseum.org/collection/the-collection-online/search/490043,organisation
http://www.metmuseum.org/collection/the-collection-online/search/492702,organisation
http://www.metmuseum.org/collection/the-collection-online/search/494775,organisation
http://www.moma.org/collection/works/79321,organisation
http://www.music-bazaar.com/world-music/artist/21307/Charlie-Brown/,organisation
http://www.nationalgallery.org.uk/paintings/dosso-dossi-the-adoration-of-the-kings,organisation
http://www.nationalgallery.org.uk/paintings/followers-of-gerard-david-saint-peter-and-a-donor,organisation
http://www.nationalgallery.org.uk/paintings/giovanni-dal-ponte-saints-raphael-and-tobias-roundel-above-right-panel,organisation
http://www.nationalgallery.org.uk/paintings/marie-blancour-a-bowl-of-flowers,organisation
http://www.nationalgallery.org.uk/paintings/paul-cezanne-hillside-in-provence,organisation
http://www.nationalgallery.org.uk/paintings/vincent-van-gogh-farms-near-auvers,organisation
http://www.nationaltrustcollections.org.uk/object/533858,dn
http://www.ncbi.nlm.nih.gov/pmc/articles/PMC4018861/,organisation
http://www.newyorker.com/contributors/mary-norris,individual
http://www.nga.gov/content/ngaweb/Collection/art-object-page.41593.html,organisation
http://www.nga.gov/content/ngaweb/Collection/art-object-page.52206.html,organisation
http://www.nndb.com/people/731/000023662/,individual
http://www.nownews.com/n/2011/01/19/570309,organisation
http://www.nytimes.com/movies/movie/134566/Bye-Bye-Love/overview,organisation
http://www.oregonencyclopedia.org/articles/davies_mary_carolyn_ca_1890_/,individual
http://www.parlement.com/id/vg09ll213ezj/a_alida_de_jong,individual
http://www.pastscape.org.uk/events.aspx?a=0&hob_id=376145&criteria=fort&search=all&pnt=y,organisation
http://www.philamuseum.org/collections/permanent/101826.html,organisation
http://www.philamuseum.org/collections/permanent/101841.html,organisation
http://www.philamuseum.org/collections/permanent/101941.html,organisation
http://www.philamuseum.org/collections/permanent/102663.html,organisation
http://www.philamuseum.org/collections/permanent/103518.html,organisation
http://www.philamuseum.org/collections/permanent/103711.html,organisation
http://www.philamuseum.org/collections/permanent/104382.html,organisation
http://www.philamuseum.org/collections/permanent/282614.html,organisation
http://www.philamuseum.org/collections/permanent/44127.html,organisation
http://www.philamuseum.org/collections/permanent/45610.html,organisation
http://www.philamuseum.org/collections/permanent/51658.html,organisation
http://www.philamuseum.org/collections/permanent/59602.html,organisation
http://www.philamuseum.org/collections/permanent/61513.html,individual
http://www.philamuseum.org/collections/permanent/63857.html,organisation
http://www.philamuseum.org/collections/permanent/72080.html,organisation
http://www.philamuseum.org/collections/permanent/73608.html,organisation
http://www.philamuseum.org/collections/permanent/82732.html,organisation
http://www.phillipscollection.org/collection/browse-the-collection?id=1708,organisation
http://www.poetsgraves.co.uk/thomas_d.htm,individual
http://www.procyclingstats.com/rider/Antoine_Demoitie,dn
http://www.profilecanada.com/companydetail.cfm?company=227282_Lombardi_Media_Corporation_Vaughan_ON,organisation
http://www.progarchives.com/album.asp?id=4908,organisation
http://www.redmine.org/projects/redmine/wiki,organisation
http://www.rhapsody.com/artist/ustad-sultan-khan/album/ragas-kaushi-kannada-and-bhairvi,organisation
http://www.rollingstone.com/music/features/11-things-you-learn-hanging-out-with-weezer-20140904,individual
http://www.salzburg.com/wiki/index.php/Brunnwinkl,dn
http://www.scottisharchitects.org.uk/architect_full.php?id=202027,dn
http://www.sothebys.com/en/auctions/ecatalogue/2014/old-master-british-paintings-day-l14037/lot.170.html,organisation
http://www.sufyanismail.com/awards.html,ne
http://www.ted.com/participate/ted-prize/prize-winning-wishes,organisation
http://www.ted.com/profiles/494924,individual
http://www.ted.com/speakers/1847,individual
http://www.ted.com/speakers/363,individual
http://www.telegraph.co.uk/news/obituaries/military-obituaries/special-forces-obituaries/9481084/Zvi-Aharoni-and-Yaakov-Meidad.html,individual
http://www.theguardian.com/artanddesign/2009/aug/06/tamara-krikorian-obituary,individual
http://www.theguardian.com/tv-and-radio/2016/jan/17/dan-haggerty,organisation
http://www.thnk.org/people-of-thnk/person/alison-killing/,individual
http://www.unece.org/fileadmin/DAM/trans/conventn/ECE-TRANS-SC1-384e.pdf,organisation
http://www.valpo.edu/news/2013/05/16/valparaiso-university-announces-lutheran-world-relief-ceo-to-join-faculty/,individual
http://www.vanitatis.elconfidencial.com/noticias/2012-05-29/alejandro-sanz-y-raquel-perera-regalan-su-boda_550044/,individual
http://www.vanitatis.elconfidencial.com/noticias/2012-06-03/patricia-cerezo-la-mujer-a-la-sombra-de-ramon-garcia_398750/,individual
http://www.viaf.org/viaf/147923930/,dn
http://www.washingtonpost.com/wp-dyn/content/article/2007/07/20/AR2007072002242.html,individual
http://www.webcitation.org/69vqr9Uur,ne
http://www.webcitation.org/6gwTyQEIg,ne
http://www.wegscheider.tv/,individual
http://yba.llgc.org.uk/en/s-DAVI-JAM-1767.html,individual
http://yba.llgc.org.uk/en/s-DAVI-OWE-1840.html,individual
http://yba.llgc.org.uk/en/s-DUNA-BWR-0505.html,individual
http://yba.llgc.org.uk/en/s-EVAN-JOH-1863.html,individual
http://yba.llgc.org.uk/en/s-GRUF-LEI-1400.html,individual
http://yba.llgc.org.uk/en/s-HERB-HEN-1617.html,individual
http://yba.llgc.org.uk/en/s-HOWE-THO-1839.html,individual
http://yba.llgc.org.uk/en/s-JENK-JOH-1808.html,individual
http://yba.llgc.org.uk/en/s-JONE-EDW-1741.html,individual
http://yba.llgc.org.uk/en/s-JONE-FOU-1826.html,individual
http://yba.llgc.org.uk/en/s-JONE-HUG-1873.html,individual
http://yba.llgc.org.uk/en/s-JONE-OWE-1857.html,individual
http://yba.llgc.org.uk/en/s-JONE-ROB-1806.html,individual
http://yba.llgc.org.uk/en/s-JONE-WIL-1718.html,individual
http://yba.llgc.org.uk/en/s-MORG-DAV-1785.html,individual
http://yba.llgc.org.uk/en/s-MORG-RIC-1743.html,individual
http://yba.llgc.org.uk/en/s-OWEN-OWE-1792.html,individual
http://yba.llgc.org.uk/en/s-PARR-JOH-1775.html,individual
http://yba.llgc.org.uk/en/s-PROB-WIL-1790.html,individual
http://yba.llgc.org.uk/en/s-REYN-JOH-1739.html,individual
http://yba.llgc.org.uk/en/s-THOM-MAR-1779.html,individual
http://yba.llgc.org.uk/en/s-WILI-LLY-1534.html,individual
http://yba.llgc.org.uk/en/s-WILL-GRI-1824.html,individual
http://yba.llgc.org.uk/en/s1-MART-RIC-1843.html,individual
http://yba.llgc.org.uk/en/s1-PARR-MOR-1661.html,individual
http://yba.llgc.org.uk/en/s2-EVAN-JAM-1894.html,individual
http://yba.llgc.org.uk/en/s2-LLOY-CON-1878.html,individual
http://yba.llgc.org.uk/en/s2-OWEN-JOH-1864.html,individual
http://yum.baseurl.org/gitweb?p=yum.git;a=blob;f=COPYING;h=e77696ae8ddfea61c8da89bcfa4494707d67cad2;hb=HEAD,ne
https://addons.mozilla.org/fr/firefox/addon/noscript/?src=userprofile,organisation
https://addons.mozilla.org/fr/firefox/addon/noscript/versions/?page=1#version-2.9.0.6,organisation
https://addons.mozilla.org/fr/firefox/addon/noscript/versions/?page=1#version-2.9.0.9,organisation
https://archive.org/stream/catalogueraisonn06hofsuoft#page/401/mode/1up,individual
https://archive.org/stream/expositiondesprimi00expo#page/17/mode/1up,ne
https://archive.org/stream/expositiondesprimi00expo#page/23/mode/1up,ne
https://archive.org/stream/expositiondesprimi00expo#page/36/mode/1up,ne
https://archive.org/stream/expositiondesprimi00expo#page/60/mode/1up,ne
https://archive.org/stream/expositiondesprimi00expo#page/9/mode/1up,ne
https://archive.org/stream/gri_33125004476327#page/n504/mode/1up,dn
https://archive.org/stream/gri_33125009347911#page/n116/mode/1up,individual
https://archive.org/stream/gri_33125009347911#page/n30/mode/1up,individual
https://assets.documentcloud.org/documents/1532973/complaint-brock-turner.pdf,ne
https://blog.mathieui.net/poezio-0-9.html,individual
https://blog.torproject.org/blog/tor-browser-505-released,organisation
https://blogs.windows.com/windowsexperience/2016/09/28/announcing-windows-10-insider-preview-build-14936-for-pc,organisation
https://books.google.co.uk/books?id=zdTuQRZxBTIC&pg=PA574,ne
https://chem.nlm.nih.gov/chemidplus/rn/1317-43-7,organisation
https://collection.cooperhewitt.org/objects/18189327/,organisation
https://collections.artsmia.org/index.php?page=detail&id=13248,ne
https://collections.artsmia.org/index.php?page=detail&id=16629,ne
https://collections.artsmia.org/index.php?page=detail&id=1955,ne
https://collections.artsmia.org/index.php?page=detail&id=2127,dn
https://collections.artsmia.org/index.php?page=detail&id=21888,ne
https://collections.artsmia.org/index.php?page=detail&id=2490,ne
https://collections.artsmia.org/index.php?page=detail&id=3267,ne
https://collections.artsmia.org/index.php?page=detail&id=3282,dn
https://collections.artsmia.org/index.php?page=detail&id=392,dn
https://collections.artsmia.org/index.php?page=detail&id=582,ne
https://commons.wikimedia.org/wiki/File:Brno-P%C3%ADse%C4%8Dn%C3%ADk2014o4.jpg,ne
https://directory.fsf.org/wiki/Linux-libre,organisation
https://download.gnome.org/sources/evolution/3.18/evolution-3.18.3.news,organisation
https://en.wikisource.org/wiki/Author:Henry_Lamont_Simpson,individual
https://en.wikisource.org/wiki/Catholic_Encyclopedia_%281913%29/Louis-S%C3%A9bastien_Le_Nain_de_Tillemont,individual
https://fedoraproject.org/wiki/Licensing#Good_Licenses_4,organisation
https://forum.mql4.com/ru/72785,organisation
https://git.gnome.org/browse/geary/tree/NEWS,dn
https://git.gnome.org/browse/nautilus/tree/COPYING.EXTENSIONS,dn
https://git.kernel.org/cgit/network/connman/connman.git/commit/?id=039571c9db317fa8f63c4d1cc6210506c0d9deb5,dn
https://git.kernel.org/cgit/network/connman/connman.git/commit/?id=6af0b24817b8712c755ef24ed0ee4c5e84550657,dn
https://github.com/cherokee/webserver/releases/tag/v1.2.103,organisation
https://github.com/composer/composer/blob/master/CHANGELOG.md#100-alpha10---2015-04-14,organisation
https://github.com/composer/composer/releases/tag/1.0.0,organisation
https://github.com/gammu/wammu/blob/master/ChangeLog,organisation
https://github.com/gemrb/gemrb/blob/master/COPYING,organisation
https://github.com/git/git/releases/tag/v2.9.3,organisation
https://github.com/liqd/adhocracy/graphs/contributors,organisation
https://github.com/loomio/loomio/commit/17b9bd23518bc2e8b12446c2a167c8b6993e6f68,organisation
https://github.com/openstreetmap/iD/releases,organisation
https://github.com/SMSSecure/SMSSecure/releases/tag/v0.13.2,organisation
https://github.com/unitedstates/congress-legislators,organisation
https://github.com/v8/v8/blob/5.1.130/ChangeLog,organisation
https://github.com/voxe/voxe-web#environment,organisation
https://groups.google.com/d/msg/uk.media.tv.sky/a6OCZtaOCI8/4EfteIFZvAwJ,ne
https://hg.mozilla.org/mozilla-central/file/tip/toolkit/content/license.html,dn
https://instagram.com/governorpataki/,individual
https://instagram.com/mittromney/,individual
https://itunes.apple.com/jp/app/id847216485,organisation
https://library.leeds.ac.uk/special-collections-explore/372687,organisation
https://library.leeds.ac.uk/special-collections-explore/380982,organisation
https://lists.alioth.debian.org/pipermail/freedombox-discuss/2015-December/007111.html,individual
https://lists.freebsd.org/pipermail/freebsd-announce/2016-April/001713.html,ne
https://lists.gnu.org/archive/html/gnumed-announce/2016-08/msg00000.html,organisation
https://lists.gnu.org/archive/html/info-global/2015-12/msg00000.html,ne
https://lists.gnu.org/archive/html/info-gnu/2016-06/msg00010.html,ne
https://lists.gnu.org/archive/html/parallel/2015-09/msg00001.html,ne
https://lists.torproject.org/pipermail/tor-talk/2015-March/037355.html,individual
https://mail-archives.apache.org/mod_mbox/maven-announce/201511.mbox/%3C20151118071117.A29D618223%40minotaur.apache.org%3E,ne
https://new.liveauctioneers.com/item/18118563,organisation
https://nfdc.faa.gov/nfdcApps/services/airportLookup/airportDisplay.jsp?airportId=06B,organisation
https://nfdc.faa.gov/nfdcApps/services/airportLookup/airportDisplay.jsp?airportId=18T,organisation
https://nfdc.faa.gov/nfdcApps/services/airportLookup/airportDisplay.jsp?airportId=22OG,organisation
https://nfdc.faa.gov/nfdcApps/services/airportLookup/airportDisplay.jsp?airportId=27K,organisation
https://nfdc.faa.gov/nfdcApps/services/airportLookup/airportDisplay.jsp?airportId=28U,organisation
https://nfdc.faa.gov/nfdcApps/services/airportLookup/airportDisplay.jsp?airportId=2OR1,organisation
https://nfdc.faa.gov/nfdcApps/services/airportLookup/airportDisplay.jsp?airportId=30M,organisation
https://nfdc.faa.gov/nfdcApps/services/airportLookup/airportDisplay.jsp?airportId=3A0,organisation
https://nfdc.faa.gov/nfdcApps/services/airportLookup/airportDisplay.jsp?airportId=3O1,organisation
https://nfdc.faa.gov/nfdcApps/services/airportLookup/airportDisplay.jsp?airportId=42C,organisation
https://nfdc.faa.gov/nfdcApps/services/airportLookup/airportDisplay.jsp?airportId=44N,organisation
https://nfdc.faa.gov/nfdcApps/services/airportLookup/airportDisplay.jsp?airportId=48D,organisation
https://nfdc.faa.gov/nfdcApps/services/airportLookup/airportDisplay.jsp?airportId=49N,organisation
https://nfdc.faa.gov/nfdcApps/services/airportLookup/airportDisplay.jsp?airportId=49S,organisation
https://nfdc.faa.gov/nfdcApps/services/airportLookup/airportDisplay.jsp?airportId=4J6,organisation
https://nfdc.faa.gov/nfdcApps/services/airportLookup/airportDisplay.jsp?airportId=57S,organisation
https://nfdc.faa.gov/nfdcApps/services/airportLookup/airportDisplay.jsp?airportId=5I2,organisation
https://nfdc.faa.gov/nfdcApps/services/airportLookup/airportDisplay.jsp?airportId=5OR0,organisation
https://nfdc.faa.gov/nfdcApps/services/airportLookup/airportDisplay.jsp?airportId=5Y4,organisation
https://nfdc.faa.gov/nfdcApps/services/airportLookup/airportDisplay.jsp?airportId=66S,organisation
https://nfdc.faa.gov/nfdcApps/services/airportLookup/airportDisplay.jsp?airportId=6J2,organisation
https://nfdc.faa.gov/nfdcApps/services/airportLookup/airportDisplay.jsp?airportId=6MA0,organisation
https://nfdc.faa.gov/nfdcApps/services/airportLookup/airportDisplay.jsp?airportId=78FL,organisation
https://nfdc.faa.gov/nfdcApps/services/airportLookup/airportDisplay.jsp?airportId=7OR0,organisation
https://nfdc.faa.gov/nfdcApps/services/airportLookup/airportDisplay.jsp?airportId=7OR4,organisation
https://nfdc.faa.gov/nfdcApps/services/airportLookup/airportDisplay.jsp?airportId=8B1,organisation
https://nfdc.faa.gov/nfdcApps/services/airportLookup/airportDisplay.jsp?airportId=B21,organisation
https://nfdc.faa.gov/nfdcApps/services/airportLookup/airportDisplay.jsp?airportId=D42,organisation
https://nfdc.faa.gov/nfdcApps/services/airportLookup/airportDisplay.jsp?airportId=E61,organisation
https://nfdc.faa.gov/nfdcApps/services/airportLookup/airportDisplay.jsp?airportId=H57,organisation
https://nfdc.faa.gov/nfdcApps/services/airportLookup/airportDisplay.jsp?airportId=I18,organisation
https://nfdc.faa.gov/nfdcApps/services/airportLookup/airportDisplay.jsp?airportId=IN95,organisation
https://nfdc.faa.gov/nfdcApps/services/airportLookup/airportDisplay.jsp?airportId=K61,organisation
https://nfdc.faa.gov/nfdcApps/services/airportLookup/airportDisplay.jsp?airportId=N45,organisation
https://nfdc.faa.gov/nfdcApps/services/airportLookup/airportDisplay.jsp?airportId=N68,organisation
https://nfdc.faa.gov/nfdcApps/services/airportLookup/airportDisplay.jsp?airportId=O79,organisation
https://nfdc.faa.gov/nfdcApps/services/airportLookup/airportDisplay.jsp?airportId=OR52,organisation
https://nfdc.faa.gov/nfdcApps/services/airportLookup/airportDisplay.jsp?airportId=OR81,organisation
https://nfdc.faa.gov/nfdcApps/services/airportLookup/airportDisplay.jsp?airportId=PO1,organisation
https://nfdc.faa.gov/nfdcApps/services/airportLookup/airportDisplay.jsp?airportId=S28,organisation
https://nfdc.faa.gov/nfdcApps/services/airportLookup/airportDisplay.jsp?airportId=T51,organisation
https://nfdc.faa.gov/nfdcApps/services/airportLookup/airportDisplay.jsp?airportId=U52,organisation
https://nfdc.faa.gov/nfdcApps/services/airportLookup/airportDisplay.jsp?airportId=WA09,organisation
https://nfdc.faa.gov/nfdcApps/services/airportLookup/airportDisplay.jsp?airportId=Y98,organisation
https://peerj.com/articles/1011/,organisation
"https://pubchem.ncbi.nlm.nih.gov/rest/pug/compound/cid/4708/property/InChI,InChIKey,CanonicalSMILES/JSON",dn
"https://pubchem.ncbi.nlm.nih.gov/rest/pug/compound/cid/53481235/property/InChI,InChIKey,CanonicalSMILES/JSON",dn
"https://pubchem.ncbi.nlm.nih.gov/rest/pug/compound/cid/65063/property/InChI,InChIKey,CanonicalSMILES/JSON",dn
https://sourceforge.net/projects/gambas/,organisation
https://spamassassin.apache.org/,organisation
https://support.google.com/answer/1083134?hl=en,organisation
https://tools.ietf.org/html/rfc6986,ne
"https://viaf.org/viaf/162895185/#Defty,_Andrew,_1970-....",individual
https://vimeo.com/autrecords,organisation
https://vk.com/official_turkvizyon?w=wall-61447959_12446,organisation
https://web.archive.org/web/20110523123243/http://www.germantribes.org/tribes/Lombards/Lombard%20Rulers/kingsline.htm,organisation
https://www.archlinux.org/download/,organisation
https://www.blend4web.com/ru/article/273/,organisation
https://www.darkhorse.com/Books/10-768/Aliens-DNA-War-Novel,organisation
https://www.debian.org/releases/testing/,organisation
https://www.geni.com/people/Yukiko-Sugihara/6000000040237679213,individual
https://www.instagram.com/hallsgardensite/,organisation
https://www.kde.org/announcements/plasma-5.5.3.php,organisation
https://www.liferay.com/contact-us,organisation
https://www.mozilla.org/en-US/firefox/48.0beta/releasenotes/,organisation
https://www.ncbi.nlm.nih.gov/pmc/journals/90/#microrev,organisation
https://www.rada.ac.uk/profiles?aos=acting&yr=1926&fn=jill&sn=esmond,individual
https://www.rada.ac.uk/profiles?aos=acting&yr=1936&fn=john&sn=arnatt,individual
https://www.rada.ac.uk/profiles?aos=acting&yr=1949&fn=petra&sn=davies,organisation
https://www.rada.ac.uk/profiles?aos=acting&yr=1954&fn=john&sn=burgess,individual
https://www.rada.ac.uk/profiles?aos=acting&yr=1985&fn=jennifer&sn=calvert,organisation
https://www.rada.ac.uk/profiles?aos=acting&yr=1992&fn=jonathan&sn=wrather,individual
https://www.rada.ac.uk/profiles?aos=acting&yr=2008&fn=thomas&sn=hughes,organisation
https://www.rada.ac.uk/profiles?aos=technicaltheatrearts&yr=1957&fn=patrick&sn=oconnell,individual
https://www.thegazette.co.uk/London/issue/46371/page/8809,dn
https://www.thegazette.co.uk/London/issue/57935/supplement/4191,organisation
https://www.virtualbox.org/pipermail/vbox-announce/2016-June/000150.html,organisation
https://www.wireshark.org/lists/wireshark-announce/201604/msg00001.html,organisation
https://www.wireshark.org/lists/wireshark-announce/201607/msg00001.html,organisation
http://www.artsjournal.com/jazzbeyondjazz/2007/07/howard_mandel.html,individual
https://collections.artsmia.org/index.php?page=detail&id=119611,ne
http://yba.llgc.org.uk/en/s8-EVAN-DAV-1879.html,individual
https://www.rada.ac.uk/profiles?aos=acting&yr=1963&fn=john&sn=forgeham,individual
http://yba.llgc.org.uk/en/s-OWEN-ELL-1789.html,individual
http://www.xkcd.com/archive/index.html,individual
http://www.cdc.gov/niosh-rtecs/XY557300.html,organisation
http://www.cdc.gov/niosh-rtecs/UC7026F0.html#modalIdString_CDCTable_4,organisation
https://library.leeds.ac.uk/special-collections-explore/372686,organisation
http://firstcycling.com/team.php?l=3432,organisation
http://collections.britishart.yale.edu/vufind/Record/3794722,dn
http://www.brooklynmuseum.org/opencollection/objects/4428/The_Vision_of_Saint_Joseph_Vision_de_Saint_Joseph,organisation
http://www.procyclingstats.com/race.php?id=163647,nw
http://firstcycling.com/team.php?l=3452,organisation
http://www.archive.org/stream/rivistaitalianad27sociuoft#page/252/mode/2up,organisation
http://www.lutyenstrust.org.uk/portfolio-item/lutyens-on-the-market-2/,organisation
http://www.cdc.gov/niosh/idlh/7440360.html,organisation
http://www.cdc.gov/niosh/npg/npgd0188.html,organisation
https://nfdc.faa.gov/nfdcApps/services/airportLookup/airportDisplay.jsp?airportId=IA27,organisation
http://www.sports-reference.com/olympics/athletes/pa/sven-erik-paulsen-1.html,ne
http://www.filmreference.com/film/91/John-Gould-Rubin.html,individual
http://www.cdc.gov/niosh/npg/npgd0354.html,organisation
http://museedelaresistanceenligne.org/media1772-Michel-Bernstein,individual
https://www.thetalentmanager.co.uk/people/1734/will-innes,individual
https://collections.artsmia.org/index.php?page=detail&id=1773,ne
http://collections.lacma.org/node/250927,individual
http://www.cdc.gov/niosh/npg/npgd0313.html,organisation
http://yba.llgc.org.uk/en/s-DAFY-TRE-1528.html,individual
http://www.philamuseum.org/collections/permanent/102903.html,organisation
https://nfdc.faa.gov/nfdcApps/services/airportLookup/airportDisplay.jsp?airportId=0E8,organisation
https://www.aada.edu/alumni/notable-alumni#decade:all/orderby:all/display:panel/perpage:All,organisation
http://www.ted.com/speakers/2709,individual
http://www.cdc.gov/niosh/ershdb/emergencyresponsecard_29750030.html,organisation
http://americanart.si.edu/collections/search/artwork/?id=27676,organisation
http://www.cdc.gov/niosh/npg/npgd0022.html,organisation
http://www.metmuseum.org/collection/the-collection-online/search/437832,organisation
https://nfdc.faa.gov/nfdcApps/services/airportLookup/airportDisplay.jsp?airportId=T42,organisation
http://www.cdc.gov/niosh-rtecs/KI7D80E8.html,organisation
http://www.philamuseum.org/collections/permanent/82719.html,organisation
http://backuppc.cvs.sourceforge.net/viewvc/backuppc/BackupPC/LICENSE?revision=1.1&view=markup,organisation
http://en.mediamass.net/people/jean-michel-jarre/deathhoax.html,organisation
https://collections.artsmia.org/index.php?page=detail&id=1852,dn
http://www.cdc.gov/niosh/npg/npgd0522.html,organisation
http://www.philamuseum.org/collections/permanent/82634.html,organisation
http://lists.nongnu.org/archive/html/qemu-devel/2016-09/msg00273.html,ne
http://www.cdc.gov/niosh/npg/npgd0384.html,organisation
http://www.cdc.gov/niosh/npg/npgd0518.html,organisation
https://nfdc.faa.gov/nfdcApps/services/airportLookup/airportDisplay.jsp?airportId=9U0,organisation
http://leonocusto.blog66.fc2.com/blog-entry-1470.html,individual
http://firstcycling.com/rider.php?r=21253,individual
http://yba.llgc.org.uk/en/s-DAVI-MOR-1780.html,individual
http://www.cdc.gov/niosh/npg/npgd0032.html,organisation
https://www.rada.ac.uk/profiles?aos=acting&yr=1928&fn=kathrine&sn=standing,individual
http://www.cdc.gov/niosh/npg/npgd0586.html,organisation
http://www.metacritic.com/game/xbox-360/fallout-3,organisation
http://www.cdc.gov/niosh/npg/npgd0271.html,organisation
http://www.metalstorm.net/awards/archive.php?year=2013,organisation
http://www.webcitation.org/69rltRqYm,dn
http://www.sports-reference.com/olympics/athletes/fi/sylvia-filipsson-1.html,ne
http://www.nfl.com/player/calvinhill/2516499/careerstats,organisation
https://git.kernel.org/cgit/network/connman/connman.git/commit/?id=94e55b75eec47c62f46deb7141c658f36c04a0b2,dn
"http://www.artistdirect.com/nad/store/artist/album/0,,10128655,00.html",ne
