ref_value,publisher_type
http://addons.mozilla.org,company
http://americanart.si.edu,company
http://archive.org,company
http://art.famsf.org,company
http://backuppc.cvs.sourceforge.net,company
http://bbti.bodleian.ox.ac.uk,company
http://blog.mathieui.net,company
http://blog.torproject.org,company
http://blogs.windows.com,company
http://books.google.co.uk,company
http://bse.sci-lib.com,company
http://chem.nlm.nih.gov,govt
http://collection.cooperhewitt.org,company
http://collections.artsmia.org,company
http://collections.britishart.yale.edu,company
http://collections.lacma.org,company
http://commons.wikimedia.org,company
http://daccess-ods.un.org,govt
http://dirigeant.societe.com,company
http://download.gnome.org,nw
http://electronicintifada.net,sp_source
http://en.mediamass.net,company
http://en.wikisource.org,company
http://eprints.lancs.ac.uk,academia
http://fdrmx.com,company
http://fedoraproject.org,company
http://feed.snapdo.com,company
http://ffilms.org,company
http://fie.org,company
http://firstcycling.com,sp_source
http://flickfacts.com,company
http://flymotorsich.com,company
http://fmg.ac,company
http://forums.comodo.com,company
http://freemind.sourceforge.net,company
http://ftp.debian-ports.org,nw
http://geonames.usgs.gov,govt
http://github.com,company
http://groups.google.com,company
http://iba-world.com,company
http://id.loc.gov,govt
http://identifiers.org,nw
http://independentlibraries.co.uk,company
http://instagram.com,company
http://itunes.apple.com,company
http://killiefc.com,company
http://lawandorder.wikia.com,company
http://leonocusto.blog66.fc2.com,sp_source
http://library.la84.org,company
http://library.leeds.ac.uk,company
http://lists.alioth.debian.org,company
http://lists.claws-mail.org,nw
http://lists.freebsd.org,govt
http://lists.nongnu.org,sp_source
http://lists.torproject.org,company
http://m.timesofindia.com,company
http://mail-archives.apache.org,govt
http://movie-locations.com,company
http://movieweb.com,company
http://mpse.org,company
http://museedelaresistanceenligne.org,sp_source
http://nablus.org,company
http://new.liveauctioneers.com,company
http://olat.org,company
http://phoronix.com,company
http://planetarynames.wr.usgs.gov,govt
http://pubchem.ncbi.nlm.nih.gov,company
http://puppet.com,company
http://ratings.fide.com,company
http://runeberg.org,company
http://sourceforge.net,company
http://spamassassin.apache.org,company
http://specialcollections.le.ac.uk,company
http://speedskatingstats.com,company
http://splitsider.com,company
http://sports.yahoo.com,company
http://support.google.com,company
http://thedancingrest.com,company
http://tools.ietf.org,company
http://uk.soccerway.com,company
http://viaf.org,company
http://vimeo.com,company
http://vocab.getty.edu,company
http://wbo.llgc.org.uk,company
http://web.archive.org,nw
http://welt-der-form.net,company
http://whc.unesco.org,company
http://www.4shared.com,company
http://www.aada.edu,company
http://www.allmusic.com,company
http://www.arabianbusiness.com,company
http://www.archive.org,company
http://www.archlinux.org,company
http://www.artistdirect.com,company
http://www.artsjournal.com,company
http://www.audacityteam.org,company
http://www.bbc.co.uk,company
http://www.billgladstone.ca,company
http://www.bindingdb.org,company
http://www.bizjournals.com,company
http://www.blackfilm.com,company
http://www.blakeschool.org,company
http://www.blend4web.com,company
http://www.boxofficemojo.com,company
http://www.bristol.ac.uk,company
http://www.britannica.com,company
http://www.brooklynmuseum.org,company
http://www.bvbinfo.com,company
http://www.canada.com,company
http://www.catholic-hierarchy.org,company
http://www.cb300.com,company
http://www.cdbaby.com,company
http://www.census.gov,govt
http://www.ciaaw.org,company
http://www.clsp.jhu.edu,company
http://www.coolantarctica.com,company
http://www.crawltrack.net,company
http://www.crunchbase.com,company
http://www.dbnl.org,company
http://www.debian.org,company
http://www.demotix.com,company
http://www.dubaicityguide.com,company
http://www.e-yearbook.com,company
http://www.edanhughes.com,company
http://www.entente-ee.com,company
http://www.esrb.org,company
http://www.eurodressage.com,company
http://www.eurohandball.com,company
http://www.europarl.europa.eu,govt
http://www.filmovizija.com,company
http://www.filmreference.com,company
http://www.fromages-aop.com,company
http://www.fundacionbancosantander.com,company
http://www.futhead.com,company
http://www.gc-cup.com,company
http://www.geni.com,company
http://www.genome.gov,govt
http://www.geopostcodes.com,company
http://www.getty.edu,company
http://www.gmv.com,company
http://www.gracesguide.co.uk,company
http://www.guggenheim.org,company
http://www.hardcoregamer.com,company
http://www.henry-moore.org,company
http://www.hewlett.org,company
http://www.huffingtonpost.com,company
http://www.independent.co.uk,company
http://www.instagram.com,company
http://www.issf-sports.org,company
http://www.ittf.com,company
http://www.itu.int,company
http://www.johnkcastle.com,company
http://www.jrrio.com,company
http://www.judoinside.com,company
http://www.kde.org,company
http://www.khronos.org,company
http://www.laquadrature.net,sp_source
http://www.leparcorama.com,company
http://www.leshommessansepaules.com,sp_source
http://www.liferay.com,company
http://www.livius.org,company
http://www.lulu.com,company
http://www.lynnnews.co.uk,company
http://www.mba.ac.uk,company
http://www.metalstorm.net,company
http://www.metmuseum.org,company
http://www.microsofttranslator.com,company
http://www.mozilla.org,company
http://www.nationalgallery.org.uk,company
http://www.nationaltrustcollections.org.uk,company
http://www.ncbi.nlm.nih.gov,govt
http://www.newyorker.com,company
http://www.nfl.com,company
http://www.nga.gov,company
http://www.nndb.com,company
http://www.nndc.bnl.gov,govt
http://www.nytimes.com,news
http://www.openvas.org,company
http://www.pafa.org,company
http://www.parlement.com,company
http://www.pastscape.org.uk,company
http://www.phillipscollection.org,company
http://www.planetehockey.com,company
http://www.poetsgraves.co.uk,company
http://www.procyclingstats.com,company
http://www.profilecanada.com,company
http://www.progarchives.com,company
http://www.rada.ac.uk,company
http://www.redorbit.com,company
http://www.rhapsody.com,company
http://www.rio2016.com,company
http://www.salvador-dali.org,company
http://www.salzburg.com,company
http://www.scottisharchitects.org.uk,company
http://www.sothebys.com,company
http://www.sufyanismail.com,company
http://www.telegraph.co.uk,company
http://www.thegazette.co.uk,company
http://www.thestar.com,company
http://www.thetalentmanager.co.uk,company
http://www.thetelegraphandargus.co.uk,news
http://www.thnk.org,company
http://www.transsiberianexpress.net,company
http://www.unesco.org,company
http://www.valpo.edu,company
http://www.vanitatis.elconfidencial.com,company
http://www.viaf.org,company
http://www.virtualbox.org,company
http://www.washingtonpost.com,news
http://www.webcitation.org,nw
http://www.who.int,company
http://www.wireshark.org,company
http://www.xkcd.com,company
http://yba.llgc.org.uk,govt
http://yum.baseurl.org,company
http://zenekucko.ucoz.com,company
